"setting","age","year","month","pos_children","nb_children","PR_obs","sd","PR_obs_min","PR_obs_max"
"Pyrethroid","All",2019,10,690,1485,0.464646464646465,0.0129425076160919,0.439279149718925,0.490013779574005
"IG2","All",2019,10,598,1468,0.407356948228883,0.0128239298877009,0.382222045648989,0.432491850808777
