"setting","age","year","month","pos_children","nb_children","PR_obs","sd","PR_obs_min","PR_obs_max"
"Pyrethroid","0.5-14",2018,9,519,1130,0.45929203539823,0.0148247240753316,0.43023557621058,0.48834849458588
"IG2","0.5-14",2018,9,469,1099,0.426751592356688,0.014919702297004,0.39750897585456,0.455994208858816
"OlysetPlus","0.5-14",2018,9,444,1056,0.420454545454545,0.0151904737599042,0.390681216885133,0.450227874023958
