"setting","trial","arm","age","year","month","pos_children","nb_children","PR_obs","sd","PR_obs_min","PR_obs_max"
"Pyrethroid","pyrethroid",NA,"0.5-14",2014,9,600,885,0.677966101694915,0.0157066349162598,0.647181097259046,0.708751106130785
"OlysetPlus","PBO",NA,"0.5-14",2014,9,606,991,0.611503531786075,0.0154830385501014,0.581156776227876,0.641850287344273
