"setting","age","year","month","pos_children","nb_children","PR_obs","sd","PR_obs_min","PR_obs_max"
"Pyrethroid","2-10",2018,1,552,3867,0.142746314972847,0.00562535645589577,0.131720616319291,0.153772013626403
"Pyrethroid","2-10",2018,7,486,3791,0.128198364547613,0.00542966693322756,0.117556217358487,0.138840511736739
"Pyrethroid","2-10",2019,1,544,3980,0.136683417085427,0.00544504432334905,0.126011130211663,0.147355703959191
"OlysetPlus","2-10",2018,1,418,3798,0.110057925223802,0.00507824968704256,0.100104555837199,0.120011294610405
"OlysetPlus","2-10",2018,7,427,3918,0.108984175599796,0.00497842781499276,0.09922645708241,0.118741894117182
"OlysetPlus","2-10",2019,1,474,3915,0.121072796934866,0.00521355377671419,0.110854231532506,0.131291362337226
