"setting","age","year","month","pos_children","nb_children","PR_obs","sd","PR_obs_min","PR_obs_max"
"Pyrethroid","All",2020,10,412,1471,0.280081577158396,0.0117078615739241,0.257134168473504,0.303028985843287
"Pyrethroid","All",2021,10,576,1489,0.38683680322364,0.0126213143592645,0.362099027079482,0.411574579367798
"Pyrethroid","All",2022,10,386,1474,0.261872455902307,0.011451486745032,0.239427541882044,0.284317369922569
"IG2","All",2020,10,231,1475,0.156610169491525,0.00946298495578774,0.138062718978181,0.175157620004869
"IG2","All",2021,10,414,1483,0.279163857046527,0.0116486956014278,0.256332413667729,0.301995300425326
"IG2","All",2022,10,331,1469,0.225323349217155,0.0109006509730831,0.203958073309912,0.246688625124397
